Guild Wars 2,"[(4004, datetime.datetime(2015, 11, 30, 22, 26, 18, 989924))]"
Tom Clancy's Rainbow Six: Siege,"[(1792, datetime.datetime(2015, 11, 30, 22, 26, 18, 989924))]"
Poker,"[(7243, datetime.datetime(2015, 11, 30, 22, 26, 18, 989924))]"
ARK: Survival Evolved,"[(2344, datetime.datetime(2015, 11, 30, 22, 26, 18, 989924))]"
Music,"[(2207, datetime.datetime(2015, 11, 30, 22, 26, 18, 989924))]"
Call of Duty: Black Ops II,"[(1725, datetime.datetime(2015, 11, 30, 22, 26, 18, 989924))]"
Pok√©mon FireRed/LeafGreen,"[(12076, datetime.datetime(2015, 11, 30, 22, 26, 18, 989924))]"
Call of Duty: Black Ops III,"[(29710, datetime.datetime(2015, 11, 30, 22, 26, 18, 989924))]"
Fallout 4,"[(14778, datetime.datetime(2015, 11, 30, 22, 26, 18, 989924))]"
Magic: The Gathering,"[(2049, datetime.datetime(2015, 11, 30, 22, 26, 18, 989924))]"
Osu!,"[(7597, datetime.datetime(2015, 11, 30, 22, 26, 18, 989924))]"
Bloodborne: The Old Hunters,"[(2003, datetime.datetime(2015, 11, 30, 22, 26, 18, 989924))]"
World of Warcraft,"[(42165, datetime.datetime(2015, 11, 30, 22, 26, 18, 989924))]"
World of Tanks,"[(7310, datetime.datetime(2015, 11, 30, 22, 26, 18, 989924))]"
Minecraft,"[(14974, datetime.datetime(2015, 11, 30, 22, 26, 18, 989924))]"
Destiny,"[(11602, datetime.datetime(2015, 11, 30, 22, 26, 18, 989924))]"
H1Z1,"[(6831, datetime.datetime(2015, 11, 30, 22, 26, 18, 989924))]"
Heroes of the Storm,"[(5670, datetime.datetime(2015, 11, 30, 22, 26, 18, 989924))]"
Madden NFL 16,"[(3040, datetime.datetime(2015, 11, 30, 22, 26, 18, 989924))]"
Counter-Strike: Global Offensive,"[(100215, datetime.datetime(2015, 11, 30, 22, 26, 18, 989924))]"
Bloodborne,"[(6069, datetime.datetime(2015, 11, 30, 22, 26, 18, 989924))]"
Garry's Mod,"[(1180, datetime.datetime(2015, 11, 30, 22, 26, 18, 989924))]"
Albion Online,"[(2330, datetime.datetime(2015, 11, 30, 22, 26, 18, 989924))]"
Star Citizen,"[(8610, datetime.datetime(2015, 11, 30, 22, 26, 18, 989924))]"
StarCraft II,"[(10143, datetime.datetime(2015, 11, 30, 22, 26, 18, 989924))]"
Creative,"[(13225, datetime.datetime(2015, 11, 30, 22, 26, 18, 989924))]"
Star Wars Battlefront,"[(4945, datetime.datetime(2015, 11, 30, 22, 26, 18, 989924))]"
DayZ,"[(2778, datetime.datetime(2015, 11, 30, 22, 26, 18, 989924))]"
NBA 2K16,"[(2021, datetime.datetime(2015, 11, 30, 22, 26, 18, 989924))]"
ArmA III,"[(32058, datetime.datetime(2015, 11, 30, 22, 26, 18, 989924))]"
Gaming Talk Shows,"[(6942, datetime.datetime(2015, 11, 30, 22, 26, 18, 989924))]"
Hearthstone: Heroes of Warcraft,"[(79492, datetime.datetime(2015, 11, 30, 22, 26, 18, 989924))]"
Smite,"[(5198, datetime.datetime(2015, 11, 30, 22, 26, 18, 989924))]"
The Binding of Isaac: Afterbirth,"[(2996, datetime.datetime(2015, 11, 30, 22, 26, 18, 989924))]"
Elite: Dangerous,"[(3681, datetime.datetime(2015, 11, 30, 22, 26, 18, 989924))]"
RuneScape,"[(15441, datetime.datetime(2015, 11, 30, 22, 26, 18, 989924))]"
Diablo III: Reaper of Souls,"[(2822, datetime.datetime(2015, 11, 30, 22, 26, 18, 989924))]"
Blackjack,"[(3987, datetime.datetime(2015, 11, 30, 22, 26, 18, 989924))]"
Dota 2,"[(46111, datetime.datetime(2015, 11, 30, 22, 26, 18, 989924))]"
FIFA 16,"[(25421, datetime.datetime(2015, 11, 30, 22, 26, 18, 989924))]"
League of Legends,"[(138891, datetime.datetime(2015, 11, 30, 22, 26, 18, 989924))]"
The Legend of Zelda: Majora's Mask,"[(1918, datetime.datetime(2015, 11, 30, 22, 26, 18, 989924))]"
Rocket League,"[(2077, datetime.datetime(2015, 11, 30, 22, 26, 18, 989924))]"
Rust,"[(1542, datetime.datetime(2015, 11, 30, 22, 26, 18, 989924))]"
Grand Theft Auto V,"[(3215, datetime.datetime(2015, 11, 30, 22, 26, 18, 989924))]"
Overwatch,"[(8148, datetime.datetime(2015, 11, 30, 22, 26, 18, 989924))]"
Just Cause 3,"[(5989, datetime.datetime(2015, 11, 30, 22, 26, 18, 989924))]"
Blade and Soul,"[(2097, datetime.datetime(2015, 11, 30, 22, 26, 18, 989924))]"
Lineage II: The Chaotic Chronicle,"[(2415, datetime.datetime(2015, 11, 30, 22, 26, 18, 989924))]"
Super Mario Maker,"[(3509, datetime.datetime(2015, 11, 30, 22, 26, 18, 989924))]"
